INFO
2025-11-10-20:30-Burgos CF-CD Castellon
2025-11-10-14:30-El Salvador-Germany
2025-11-10-16:45-Egypt-England
2025-11-10-16:45-Venezuela-Haiti
2025-11-10-21:00-Gimnasia Y Esgrima La Plata-Velez Sarsfield
2025-11-10-23:00-Deportivo Riestra AFBC-CA Independiente Avellaneda
2025-11-10-23:00-Botafogo FC SP-Amazonas FC AM
2025-11-10-23:00-Chapecoense SC-America FC MG
2025-11-10-14:30-JS Omrane-Olympique de Beja
2025-11-10-21:00-Cheltenham Town-Notts County
2025-11-10-19:00-Esbjerg FB-Middelfart BK
2025-11-10-21:00-Asociacion Deportiva Tarma-Los Chankas CYC
2025-11-10-19:30-Club Atletico Acassuso-Club Villa Dalmine
2025-11-10-20:45-Chelmsford City-AFC Hornchurch
2025-11-10-20:45-St Ives Town-Banbury United
2025-11-10-14:00-GS Ilioupoli-Kallithea FC
2025-11-10-20:00-Blackburn Rovers U21-Derby County U21
2025-11-10-15:00-Sheffield United U21-Coventry City U21
2025-11-10-14:30-Sporting Ben Arous-Sfax Railways
2025-11-10-14:00-FC Chelyabinsk-FK Ufa
2025-11-10-17:30-FC Fakel Voronezh-Spartak Kostroma
2025-11-10-21:00-Sportivo Ameliano-CS 2 de Mayo
2025-11-10-23:30-CA Tembetary Ypane-Nacional Asuncion
2025-11-10-17:00-LKS Lodz II-Slask II Wroclaw
2025-11-10-18:30-Asa Targu Mures-CSM Politehnica Iasi
2025-11-10-18:00-Hapoel Rishon Lezion FC-Hapoel Hadera FC
2025-11-10-18:00-Ironi Modiin-Hapoel Afula FC
2025-11-10-18:00-MS Football Hapoel Kiryat Yam-Maccabi Kabilio Jaffa
2025-11-10-12:00-Nam Dinh FC-Hanoi FC
2025-11-10-13:15-Cong An Ha Noi FC-Hong Linh Ha Tinh FC
2025-11-10-13:00-FK Sileks Kratovo-Shkupi Cair
2025-11-10-13:00-Shkendija Tetovo-FK Makedonija Gjorce Petrov
2025-11-10-11:00-FC BKMA Vagharshapat 2-FC Shirak Gyumri 2
2025-11-10-13:00-FC Bate Borisov 2-Dinamo Minsk 2
2025-11-10-13:00-Progreso-Torque
2025-11-10-13:30-Albion FC-Miramar Misiones
2025-11-10-14:00-Nacional de Montevideo Reserves-Juventud de Las Piedras Reserves
2025-11-10-20:00-Club Oriental de Football-Danubio FC
2025-11-10-20:00-Liverpool Montevideo-Boston River
2025-11-10-20:00-Montevideo Wanderers-CA River Plate (URU)
2025-11-10-20:00-Nacional de Montevideo-Juventud de Las Piedras
2025-11-10-20:00-Racing Club Montevideo-Penarol Montevideo
2025-11-10-11:30-Atletico Tembetary Reserve-Nacional Asuncion
2025-11-10-11:30-Guarani Asuncion-Libertad Asuncion
2025-11-10-11:30-Sportivo Ameliano-Sportivo 2 de Mayo
2025-11-10-13:00-Sofapaka FC-Posta Ranger FC
2025-11-10-20:30-Salernitana-Crotone
2025-11-10-13:30-Kfarsoum-AL Arabi
2025-11-10-16:30-FC Dunav 2010-FC Fratria Varna
2025-11-10-14:00-FK Termez Surkhon-PFC Shurtan
2025-11-10-11:30-FC Agniputhra-Kodagu FC
2025-11-10-20:00-RFC Liege-RWD Molenbeek Youth
2025-11-10-10:00-FK Jablonec SRL-Hartberg SRL
2025-11-10-10:00-NK Lokomotiva Zagreb SRL-Altach SRL
2025-11-10-11:00-Sheriff Tiraspol SRL-Gil Vicente SRL
2025-11-10-11:00-SK Dynamo Ceske Budejovice SRL-OFI SRL
2025-11-10-12:00-Rakow SRL-HNK Hajduk Split SRL
2025-11-10-12:00-Rio Ave SRL-FC Banik Ostrava SRL
2025-11-10-19:00-Linkopings FC-Kristianstads DFF
2025-11-10-19:00-CA Banfield-Ferro Carril Oeste
2025-11-10-19:00-Racing Club-Newell's Old Boys
2025-11-10-18:00-SC Freiburg-Bayer Leverkusen
2025-11-10-18:00-Maccabi Kishronot Hadera-Hapoel Katamon Jerusalem
2025-11-10-22:00-AE Realidade Jovem SP-Santos FC SP
2025-11-10-20:00-Nottingham Forest Lfc-Birmingham City WFC
