INFO
2025-11-07-21:00-Elche CF-Real Sociedad
2025-11-07-20:30-Werder Bremen-Wolfsburg
2025-11-07-20:45-SC Pisa-US Cremonese
2025-11-07-20:45-Paris FC-Rennes
2025-11-07-21:00-Watford-Bristol City
2025-11-07-20:00-FC Twente Enschede-SC Telstar
2025-11-07-21:15-Estoril Praia-FC Arouca
2025-11-07-18:30-Dynamo Dresden-1 FC Nuremberg
2025-11-07-18:30-Greuther Furth-SC Preussen 06 Munster
2025-11-07-20:30-CD Mirandes-Sporting Gijon
2025-11-07-20:30-Spezia Calcio-SSC Bari
2025-11-07-20:00-Clermont Foot-Amiens
2025-11-07-20:00-Grenoble Foot-Rodez Aveyron
2025-11-07-20:00-Montpellier-FC Annecy
2025-11-07-20:00-Nancy-Lorraine-Stade Lavallois MFC
2025-11-07-20:00-SC Bastia-Reims
2025-11-07-20:00-USL Dunkerque-US Boulogne
2025-11-07-18:00-Genclerbirligi SK-Istanbul BB
2025-11-07-11:45-Perth Glory FC-Central Coast Mariners
2025-11-07-14:30-FC Epitsentr Dunaivtsi-FC Obolon Kyiv
2025-11-07-17:00-FK Kudrivka-Kolos Kovalivka
2025-11-07-20:45-FCV Dender EH-SV Zulte Waregem
2025-11-07-19:00-Odense Boldklub-Silkeborg IF
2025-11-07-23:00-Athletic Club Sjdr MG-Ferroviaria SP
2025-11-07-20:45-Airdrieonians FC-Partick Thistle FC
2025-11-07-18:00-HNK Gorica-HNK Vukovar 1991
2025-11-07-21:30-Envigado FC-Millonarios FC
2025-11-08-00:00-Deportes Union La Calera-Deportes Iquique
2025-11-07-14:20-Al-Fayha FC-Al-Akhdoud Club
2025-11-07-15:35-Al-Fateh SC-Al-Taawoun FC
2025-11-07-18:30-Al-Najma-Al Hilal SFC
2025-11-07-17:00-FC Universitatea Cluj-Metaloglobus Bucuresti
2025-11-07-19:30-FC Farul Constanta-FC Botosani
2025-11-07-19:30-FC Rapperswil-Jona-FC Wil 1900
2025-11-07-19:30-FC Stade Nyonnais-Etoile Carouge FC
2025-11-07-20:15-Neuchatel Xamax-Yverdon-Sport
2025-11-07-20:00-Lommel SK-KV Waasland-Beveren
2025-11-07-20:00-RFC Liege-Jeugd KAA Gent B
2025-11-07-14:00-FK Spartak 1918 Varna-FK Septemvri Sofia
2025-11-07-16:30-Botev Plovdiv-PFC Dobrudzha Dobrich
2025-11-07-12:30-Werder SRL-Wolfsburg SRL
2025-11-07-20:00-ADO Den Haag-Roda JC Kerkrade
2025-11-07-20:00-Almere City FC-MVV Maastricht
2025-11-07-20:00-FC Eindhoven-FC Den Bosch
2025-11-07-20:00-Jong Ajax Amsterdam-FC Dordrecht
2025-11-07-20:00-Jong AZ Alkmaar-VVV Venlo
2025-11-07-20:00-Jong FC Utrecht-FC Emmen
2025-11-07-20:00-Vitesse Arnhem-SC Cambuur
2025-11-07-20:00-Willem II Tilburg-TOP Oss
2025-11-07-12:00-FC Paris Srl-Rennes SRL
2025-11-07-11:00-FK Nizhny Novgorod-FC Baltika Kaliningrad
2025-11-07-13:00-FC Fakel Voronezh Youth-FC Akhmat Grozny
2025-11-07-13:00-Football Academy Of Konoplev-FC Krasnodar
2025-11-07-13:00-Lokomotiv Moscow-PFK Sochi
2025-11-07-13:00-Rubin Kazan-FK Zenit St. Petersburg
2025-11-07-15:00-CSKA Moscow-FK Spartak Moscow
2025-11-07-17:00-Dinamo Moscow-FK Rostov
2025-11-07-19:30-Aubagne FC-Le Puy Foot 43 Auvergne
2025-11-07-19:30-FC Fleury 91-Sochaux-Montbeliard
2025-11-07-19:30-FC Versailles 78-Valenciennes FC
2025-11-07-19:30-FC Villefranche-Beaujolais-Stade Briochin
2025-11-07-19:30-Football Bourg-En-Bresse Peronnas 01-Dijon
2025-11-07-19:30-Quevilly-Rouen Metropole-LB Chateauroux
2025-11-07-19:30-SM Caen-Paris 13 Atletico
2025-11-07-19:30-US Concarneau-US Orleans
2025-11-07-22:00-Jaguares de Cordoba-Internacional de Palmira
2025-11-07-18:00-Hobro IK-Aarhus Fremad
2025-11-07-18:30-HB Koege-Hillerod Fodbold
2025-11-07-19:00-Kolding IF-AC Horsens
2025-11-07-13:30-AL Tai-Al-Wehda FC
2025-11-07-15:45-AL Batin-AL Draih
2025-11-07-16:25-Jeddah Club-AL Arabi (SA)
2025-11-07-18:30-Skive IK-FC Roskilde
2025-11-07-19:00-HIK Hellerup-FC Helsingoer
2025-11-07-15:00-Parma Calcio 1913 U20-Cesena FC
2025-11-07-14:00-AC Reggiana 1919-LR Vicenza
2025-11-07-19:00-Cusco FC-Sport Boys Association
2025-11-07-21:15-Sporting Cristal-CS Cienciano
2025-11-07-20:30-Miramar Misiones-Racing Club Montevideo
2025-11-07-23:30-Cerro Largo FC-Liverpool Montevideo
2025-11-07-13:00-Persik Kediri-Persebaya Surabaya
2025-11-07-12:30-Sariyer SK-Van Spor FK
2025-11-07-15:00-BB Bodrumspor-Istanbulspor AS
2025-11-07-20:45-Briton Ferry-Bala Town FC
2025-11-07-20:45-The New Saints FC-Cardiff Metropolitan University FC
2025-11-07-18:00-RKS Radomiak Radom-MKS Cracovia Krakow
2025-11-07-20:30-Zaglebie Lubin-Gornik Zabrze
2025-11-07-19:00-CD Feirense-SC Farense
2025-11-07-13:00-FC Livyi Bereh Kyiv-FC Ingulets Petrove
2025-11-07-20:45-Bray Wanderers AFC-Waterford FC
2025-11-07-19:00-CE Sabadell FC-SD Tarazona
2025-11-07-21:15-Atletico Madrid B-Club Deportivo Eldense
2025-11-07-13:00-Crystal Palace U21-Stoke City U21
2025-11-07-14:00-Middlesbrough U21-Norwich City U21
2025-11-07-20:00-Leicester City U21-Birmingham City U21
2025-11-07-20:00-Southampton U21-Arsenal U21
2025-11-07-20:00-Sunderland U21-Ipswich Town U21
2025-11-07-20:00-West Bromwich Albion FC U21-Everton U21
2025-11-07-20:00-West Ham U21-Liverpool U21
2025-11-07-20:00-Swansea City U21-Charlton Athletic U21
2025-11-07-18:00-Riga FC-FK Rigas Futbola Skola
2025-11-07-17:00-Ruch Chorzow-Miedz Legnica
2025-11-07-20:30-MKS Znicz Pruszkow-Chrobry Glogow
2025-11-07-18:00-FC Hertha Wels-First Vienna FC 1894
2025-11-07-18:00-FC Liefering-Kapfenberger SV
2025-11-07-20:30-FC Admira Wacker Modling-SKN St Polten
2025-11-07-11:00-Persipura Jayapura-Persiku Kudus
2025-11-07-13:00-Tornado FC Pekanbaru-PSIS Semarang
2025-11-07-16:00-FC Gareji Sagarejo-FC Dinamo Tbilisi
2025-11-07-17:00-FC Gagra-FC Kolkheti-1913 Poti
2025-11-07-13:45-AL Jazira AL Hamra-AL Arabi (UAE)
2025-11-07-13:45-Dibba Al-Hisn SC-Dubai United FC
2025-11-07-13:45-Fujairah FC-Masfoot Sports Club
2025-11-07-13:45-Hatta SC-Gulf United
2025-11-07-17:00-FC Silon Taborsko-FC Vysocina Jihlava
2025-11-07-18:00-FK Pribram-FK Viktoria Zizkov
2025-11-07-18:00-SK Dynamo Ceske Budejovice-SFC Opava
2025-11-07-14:30-BS Bouhajla-Sportif Msaken
2025-11-07-14:30-Club S Hammam-Lif-CS Chebba
2025-11-07-14:30-Em Mahdia-AS Agareb
2025-11-07-14:30-ES Bouchamma-CS Redeyef
2025-11-07-14:30-ES Hammam Sousse-US Bousalem
2025-11-07-14:30-OC Kerkennah-AS Megrine
2025-11-07-14:30-SA Menzel Bourguiba-US Tataouine
2025-11-07-20:45-Larne FC-Portadown FC
2025-11-07-12:30-Tanjong Pagar United FC-Hougang United FC
2025-11-07-20:00-Atletico Artajones-Udc Txantrea Kke
2025-11-07-18:00-AEL Limassol-Enosis Neon Paralimni FC
2025-11-07-13:30-OFK Dynamo Malzenice-FK Pohronie Ziar Nad Hronom Dolna Zdana
2025-11-07-18:00-FC Vion Zlate Moravce - Vrable-FK Inter Bratislava
2025-11-07-18:00-FC Pisek-Dukla Prague B
2025-11-07-22:30-CD Recoleta-Sportivo Luqueno
2025-11-07-18:00-MKS Chojniczanka Chojnice-Unia Skierniewice
2025-11-07-18:00-Sandecja Nowy Sacz-Sokol Kleczew
2025-11-07-18:00-Lechia Tomaszow Mazowiecki-MKS Mlawianka Mlawa
2025-11-07-19:00-Polonia Sroda Wielkopolska-Zks Kluczevia Stargard
2025-11-07-14:00-KS Sleza Wroclaw-GKS Pniowek Pawlowice
2025-11-07-14:00-Miedz Legnica II-Zaglebie Lubin II
2025-11-07-18:00-KSZO Ostrowiec Swietokrzyski-Cracovia Krakow II
2025-11-07-20:45-Lucan United FC-Kilbarrack United
2025-11-07-20:45-St. Mochtas-Inchicore Athletic FC
2025-11-07-20:45-Wayside Celtic-St. Francis FC
2025-11-07-14:00-Hapoel Kfar Saba FC-Hapoel Ramat Gan Givatayim FC
2025-11-07-14:00-Hapoel Kfar Shalem FC-FC Kafr Qasim
2025-11-07-14:00-Hapoel Nof Hagalil FC-Maccabi Petah Tikva FC
2025-11-07-14:00-Hapoel Ra`anana FC-Bnei Yehuda Tel Aviv FC
2025-11-07-14:00-Maccabi Herzliya-Hapoel Acre FC
2025-11-07-17:30-Mura Murska Sobota-NK Koper
2025-11-07-20:15-Olimpija Ljubljana-Primorje Ajdovscina
2025-11-07-15:30-Al-Shamal-AL Wakrah SC
2025-11-07-17:30-Al Gharafa SC-Qatar SC
2025-11-07-14:00-FC Gomel-FC Brest
2025-11-07-19:00-MSV Duisburg-SV Waldhof Mannheim 07
2025-11-07-11:30-FC Beitar Yavne-Maccabi Ironi Ashdod FC
2025-11-07-11:30-FC Jerusalem-Maccabi Ironi Kiryat Gat
2025-11-07-11:30-Hapoel Marmorek FC-AS Nordia Jerusalem
2025-11-07-11:35-Hapoel Azor FC-Sport Club Dimona
2025-11-07-11:40-Maccabi Kiryat Ata-Bialik-Tzeirey Um El Fahem
2025-11-07-12:00-FC Tzeirey Tira-Shimshon Tel Aviv
2025-11-07-12:00-FC Zeirey Tamra-Baqa Al-Gharbiyye
2025-11-07-12:00-Ironi Nesher-Maccabi Nujeidat Ahmad
2025-11-07-12:00-Maccabi Ironi Kiryat Malakhi-Hapoel Herzelia FC
2025-11-07-12:15-Maccabi Achi Nazareth FC-Maccabi Neve Shaanan Eldad
2025-11-07-17:00-SK Hranice-FC Zbrojovka Brno B
2025-11-07-18:00-FC Hlucin-SFK Vrchovina
2025-11-07-13:00-FC Baranovichi-FC Minsk 2
2025-11-07-13:00-FC Osipovichi-FC Slonim
2025-11-07-14:00-Orijent 1919 Rijeka-NK Rudes Zagreb
2025-11-07-18:00-Digenis Akritas Morphou FC-Achyronas Onisilos
2025-11-07-13:00-Prachuap FC-Lamphun Warriors FC
2025-11-07-13:00-Nakhon SI United-Phrae United
2025-11-07-14:20-Al-Ahli SC Manama-AL Bahrain
2025-11-07-17:00-Al-Shabbab-Malkiya Club
2025-11-07-14:00-Bidco United-Tusker Football Club
2025-11-07-14:00-Calvary-Entebbe UPPC FC
2025-11-07-18:00-Vipers SC-Kampala Capital City Authority FC
2025-11-07-16:30-Nations FC-Hohoe United FC
2025-11-07-14:30-Casric Stars FC-Upington City FC
2025-11-07-14:30-Highbury FC-Venda Football Academy
2025-11-07-15:00-Bechar Djedid-CR Temouchent
2025-11-07-15:00-ESM Kolea-RC Kouba
2025-11-07-15:00-Js El Biar-Crb Adrar
2025-11-07-15:00-Js Tixeraine-GC Mascara
2025-11-07-15:00-JSM Tiaret-USM EL Harrach
2025-11-07-15:00-NA Hussein Dey-Wa Mostaganem
2025-11-07-15:00-WA Tlemcen-ASM Oran
2025-11-07-20:30-Ascoli Calcio 1898-AS Gubbio
2025-11-07-20:30-SSD Citta Di Campobasso-Sambenedettese
2025-11-07-20:30-Cavese 1919-Potenza Calcio
2025-11-07-14:00-Mutondo Stars-Green Buffaloes
2025-11-07-13:00-Ethio Electric-Negelle Arsi
2025-11-07-14:00-Wolaita Dicha SC-Mekelle 70 Enderta FC
2025-11-07-14:00-AS Kigali-Police FC Rwanda
2025-11-07-16:15-Switzerland-Republic of Korea
2025-11-07-16:45-Brazil-Indonesia
2025-11-07-16:45-Zambia-Honduras
2025-11-07-18:00-Black Lions FC-Mochudi Centre Chiefs
2025-11-07-19:00-SpVgg Bayreuth-TSV Aubstadt
2025-11-07-19:00-TSV Buchbach-VfB Eichstatt
2025-11-07-19:00-Wacker Burghausen-SpVgg Unterhaching
2025-11-07-19:00-Deutschlandsberger SC-ASKO Oedt
2025-11-07-19:00-FC Gleisdorf 09-Atus Velden
2025-11-07-19:00-SC Weiz-Union Gurten
2025-11-07-19:00-SPG Wallern/ASV St. Marienkirchen-SC Kalsdorf
2025-11-07-19:00-SV Lafnitz-SV Ried II
2025-11-07-19:00-Wohnbau Dietach-USV St. Anna am Aigen
2025-11-07-19:00-BFC Dynamo-FC Carl Zeiss Jena
2025-11-07-19:00-Chemnitzer FC-VSG Altglienicke
2025-11-07-19:00-FSV Luckenwalde-Hertha BSC II
2025-11-07-19:00-Hallescher FC-SV Babelsberg
2025-11-07-19:00-FCM Traiskirchen-SV Oberwart
2025-11-07-19:00-SC Neusiedl am See 1919-Wiener Sport-Club
2025-11-07-19:00-SC/ESV Parndorf 1919-TWL Elektra
2025-11-07-19:10-Favoritner AC-SV Leobendorf
2025-11-07-19:30-Kremser SC-FC Marchfeld Donauauen
2025-11-07-19:00-Offenbacher FC Kickers 1901-SC Freiburg II
2025-11-07-19:00-TSV Steinbach Haiger-KSV Hessen Kassel
2025-11-07-19:00-SC Imst 1933-SC Schwaz
2025-11-07-19:00-SV Wals-Grunau-SV Seekirchen
2025-11-07-19:30-SC Kundl-SV Oberperfuss
2025-11-07-19:30-SV Worgl-SV Telfs
2025-11-07-19:00-Eimsbutteler TV-SC Vorwarts-Wacker Billstedt
2025-11-07-19:30-Ratingen SV Germania 04/19-Schwarz-Weiss Essen
2025-11-07-19:30-VFB 03 Hilden-VfB Homberg
2025-11-07-20:00-BW Dingden-Krefelder FC Uerdingen 05
2025-11-07-20:00-VfL Juchen Garzweiler-Sportfreunde Baumberg
2025-11-07-19:00-Eintracht Braunschweig II-MTV Wolfenbuttel
2025-11-07-19:30-Etsv Hamburg-HEBC Hamburg
2025-11-07-19:30-FC Suderelbe 1949-SC Victoria Hamburg 1895
2025-11-07-19:30-FC Teutonia Ottensen 1905-Niendorfer TSV 1919
2025-11-07-19:45-Ht 16 Hamburg-TSV Sasel 1925
2025-11-07-19:30-1. FC Kleve-SV Biemenhorst
2025-11-07-19:00-SV Lichtenberg 47-SG Union Klosterfelde
2025-11-07-19:00-VfB Auerbach 1906-VFC Plauen
2025-11-07-19:30-FC Cosmos Koblenz-Sportfreunde Eisbachtal
2025-11-07-20:00-FC Progres Niederkorn-AS La Jeunesse D Esch/Alzette
2025-11-07-19:00-ATSV Erlangen-Neudrossenfeld
2025-11-07-19:00-TSV 1860 Munich II-TSV 1874 Kottern
2025-11-07-19:30-Leher TS-Brinkumer SV
2025-11-07-19:30-OSC Bremerhaven-Atsv Sebaldsbruck
2025-11-07-19:00-Eintracht Stadtallendorf-KSV Baunatal
2025-11-07-19:15-FC Kilia Kiel-VfR Neumunster
2025-11-07-20:30-Ammanford-Afan Lido
2025-11-07-20:30-Baglan Dragons-Ynyshir Albions
2025-11-07-20:30-Caerau Ely FC-Cambrian United
2025-11-07-20:30-Pontypridd Town-Cwmbran Celtic
2025-11-07-20:45-Denbigh Town-Llandudno FC
2025-11-07-21:00-Airbus UK Broughton-Ruthin Town
2025-11-07-21:00-Europa FC-Lions Gibraltar
2025-11-07-21:00-San Cristobal-Vega Real
2025-11-07-19:30-Waasland Beveren-RAAL La Louviere
2025-11-07-20:00-Jeugd Patro Eisden Maasmechelen-Jeugd Lommel SK
2025-11-07-20:00-Jeugd Royal Francs Borains-KV Kortrijk
